id,name,data
1,image_0001,image_0001.jpg
2,image_0002,image_0002.jpg
3,image_0003,image_0003.jpg
4,image_0004,image_0004.jpg
5,image_0005,image_0005.jpg
6,image_0006,image_0006.jpg
7,image_0007,image_0007.jpg
8,image_0008,image_0008.jpg
9,image_0009,image_0009.jpg
10,image_0010,image_0010.jpg
11,image_0011,image_0011.jpg
12,image_0012,image_0012.jpg
13,image_0013,image_0013.jpg
14,image_0014,image_0014.jpg
15,image_0015,image_0015.jpg
16,image_0016,image_0016.jpg
17,image_0017,image_0017.jpg
18,image_0018,image_0018.jpg
19,image_0019,image_0019.jpg
20,image_0020,image_0020.jpg
21,image_0021,image_0021.jpg
22,image_0022,image_0022.jpg
23,image_0023,image_0023.jpg
24,image_0024,image_0024.jpg
25,image_0025,image_0025.jpg
26,image_0026,image_0026.jpg
27,image_0027,image_0027.jpg
28,image_0028,image_0028.jpg
29,image_0029,image_0029.jpg
30,image_0030,image_0030.jpg
31,image_0031,image_0031.jpg
32,image_0032,image_0032.jpg
33,image_0033,image_0033.jpg
34,image_0034,image_0034.jpg
35,image_0035,image_0035.jpg
36,image_0036,image_0036.jpg
37,image_0037,image_0037.jpg
38,image_0038,image_0038.jpg
39,image_0039,image_0039.jpg
40,image_0040,image_0040.jpg
41,image_0041,image_0041.jpg
42,image_0042,image_0042.jpg
43,image_0043,image_0043.jpg
44,image_0044,image_0044.jpg
45,image_0045,image_0045.jpg
46,image_0046,image_0046.jpg
47,image_0047,image_0047.jpg
48,image_0048,image_0048.jpg
49,image_0049,image_0049.jpg
50,image_0050,image_0050.jpg
51,image_0051,image_0051.jpg
52,image_0052,image_0052.jpg
53,image_0053,image_0053.jpg
54,image_0054,image_0054.jpg
55,image_0055,image_0055.jpg
56,image_0056,image_0056.jpg
57,image_0057,image_0057.jpg
58,image_0058,image_0058.jpg
59,image_0059,image_0059.jpg
60,image_0060,image_0060.jpg
61,image_0061,image_0061.jpg
62,image_0062,image_0062.jpg
63,image_0063,image_0063.jpg
64,image_0064,image_0064.jpg
65,image_0065,image_0065.jpg
66,image_0066,image_0066.jpg
67,image_0067,image_0067.jpg
68,image_0068,image_0068.jpg
69,image_0069,image_0069.jpg
70,image_0070,image_0070.jpg
71,image_0071,image_0071.jpg
72,image_0072,image_0072.jpg
73,image_0073,image_0073.jpg
74,image_0074,image_0074.jpg
75,image_0075,image_0075.jpg
76,image_0076,image_0076.jpg
77,image_0077,image_0077.jpg
78,image_0078,image_0078.jpg
79,image_0079,image_0079.jpg
80,image_0080,image_0080.jpg
81,image_0081,image_0081.jpg
82,image_0082,image_0082.jpg
83,image_0083,image_0083.jpg
84,image_0084,image_0084.jpg
85,image_0085,image_0085.jpg
86,image_0086,image_0086.jpg
87,image_0087,image_0087.jpg
88,image_0088,image_0088.jpg
89,image_0089,image_0089.jpg
90,image_0090,image_0090.jpg
91,image_0091,image_0091.jpg
92,image_0092,image_0092.jpg
93,image_0093,image_0093.jpg
94,image_0094,image_0094.jpg
95,image_0095,image_0095.jpg
96,image_0096,image_0096.jpg
97,image_0097,image_0097.jpg
98,image_0098,image_0098.jpg
99,image_0099,image_0099.jpg
100,image_0100,image_0100.jpg
