id,name
1,country_0001
2,country_0002
3,country_0003
4,country_0004
5,country_0005
6,country_0006
7,country_0007
8,country_0008
9,country_0009
10,country_0010
11,country_0011
12,country_0012
13,country_0013
14,country_0014
15,country_0015
16,country_0016
17,country_0017
18,country_0018
19,country_0019
20,country_0020
21,country_0021
22,country_0022
23,country_0023
24,country_0024
25,country_0025
26,country_0026
27,country_0027
28,country_0028
29,country_0029
30,country_0030
31,country_0031
32,country_0032
33,country_0033
34,country_0034
35,country_0035
36,country_0036
37,country_0037
38,country_0038
39,country_0039
40,country_0040
41,country_0041
42,country_0042
43,country_0043
44,country_0044
45,country_0045
46,country_0046
47,country_0047
48,country_0048
49,country_0049
50,country_0050
51,country_0051
52,country_0052
53,country_0053
54,country_0054
55,country_0055
56,country_0056
57,country_0057
58,country_0058
59,country_0059
60,country_0060
61,country_0061
62,country_0062
63,country_0063
64,country_0064
65,country_0065
66,country_0066
67,country_0067
68,country_0068
69,country_0069
70,country_0070
71,country_0071
72,country_0072
73,country_0073
74,country_0074
75,country_0075
76,country_0076
77,country_0077
78,country_0078
79,country_0079
80,country_0080
81,country_0081
82,country_0082
83,country_0083
84,country_0084
85,country_0085
86,country_0086
87,country_0087
88,country_0088
89,country_0089
90,country_0090
91,country_0091
92,country_0092
93,country_0093
94,country_0094
95,country_0095
96,country_0096
97,country_0097
98,country_0098
99,country_0099
100,country_0100
101,country_0101
102,country_0102
103,country_0103
104,country_0104
105,country_0105
106,country_0106
107,country_0107
108,country_0108
109,country_0109
110,country_0110
111,country_0111
112,country_0112
113,country_0113
114,country_0114
115,country_0115
116,country_0116
117,country_0117
118,country_0118
119,country_0119
120,country_0120
121,country_0121
122,country_0122
123,country_0123
124,country_0124
125,country_0125
126,country_0126
127,country_0127
128,country_0128
129,country_0129
130,country_0130
131,country_0131
132,country_0132
133,country_0133
134,country_0134
135,country_0135
136,country_0136
137,country_0137
138,country_0138
139,country_0139
140,country_0140
141,country_0141
142,country_0142
143,country_0143
144,country_0144
145,country_0145
146,country_0146
147,country_0147
148,country_0148
149,country_0149
150,country_0150
151,country_0151
152,country_0152
153,country_0153
154,country_0154
155,country_0155
156,country_0156
157,country_0157
158,country_0158
159,country_0159
160,country_0160
161,country_0161
162,country_0162
163,country_0163
164,country_0164
165,country_0165
166,country_0166
167,country_0167
168,country_0168
169,country_0169
170,country_0170
171,country_0171
172,country_0172
173,country_0173
174,country_0174
175,country_0175
176,country_0176
177,country_0177
178,country_0178
179,country_0179
180,country_0180
181,country_0181
182,country_0182
183,country_0183
184,country_0184
185,country_0185
186,country_0186
187,country_0187
188,country_0188
189,country_0189
190,country_0190
191,country_0191
192,country_0192
193,country_0193
194,country_0194
195,country_0195
